Dataset,F1_measure,Accuracy,Time
HDFS,0.990518,0.930000,0.10908
BGL,0.956032,0.587000,0.068471
Hadoop,0.782490,0.451000,0.098741
OpenStack,0.742866,0.325500,0.112604
Thunderbird,0.993876,0.554000,0.107649
